signal,family,symbols,timeframe,passed,oos_sharpe,oos_total_return,oos_max_dd,oos_profit_factor,oos_win_rate,oos_trades,oos_cagr,oos_exposure,is_sharpe,wf_sharpe,wf_positive_windows,mc_dd_p05,mc_prob_loss,sens_retention,lag_sharpe,worst_regime_dd,deflated_prob,robustness_score,reject_reasons,best_params
ensemble_vote,hybrid,NULL4,1h,False,2.0749488462005936,0.4650516586301512,-0.21196115392976156,1.9698633633314142,0.41509433962264153,53,1.533305809206389,0.41694444444444445,0.7702387131009447,1.5179903924594151,0.75,-0.37439360324761933,0.105,0.973605841924596,2.737896906407928,-0.195381690347872,0.8672311998703479,76.38,MC p05 drawdown 37.4% > 35%,{'min_agree': 0.75}
mtf_trend,trend,NULL1,1h,False,3.0488938550303395,1.2190493938523703,-0.27833805530866274,2.5331774451216256,0.4186046511627907,43,5.959430042018311,0.5911111111111111,-0.9478920294489113,2.35181204835579,0.75,-0.4515746408161369,0.065,0.0,3.183454707824912,-0.20591701140310126,0.8689961265414065,68.71,OOS maxDD 27.8% > 25%; MC p05 drawdown 45.2% > 35%; param retention 0.00 < 0.3 (performance is a parameter spike),"{'htf_rule': '1D', 'htf_fast': 10, 'htf_slow': 30, 'ltf_fast': 10, 'ltf_slow': 50}"
tsmom,momentum,NULL2,1h,False,2.214757915682488,0.8787048975116332,-0.34529242360453993,2.08745079577513,0.31521739130434784,92,3.6406021883631396,1.0,1.264467358290692,2.014269241988747,1.0,-0.5620637713479117,0.085,0.5904217138895147,1.8556821197603703,-0.31056273335959383,0.5983259899980419,68.57,OOS maxDD 34.5% > 25%; MC p05 drawdown 56.2% > 35%; deflated P(SR>0) 0.60 < 0.8 (not distinguishable from luck over 962 trials),"{'lookback': 168, 'vol_scale': True, 'vol_window': 50, 'target_vol': 0.01}"
weighted_composite,hybrid,NULL2,1h,False,1.7725585080782011,0.5992996934473189,-0.38499748591183647,2.2684129910706146,0.2,40,2.1359360029208507,0.9430555555555555,1.1271898839463728,1.7814256043077275,1.0,-0.5822034551416191,0.1625,0.600450731133932,1.696869521971765,-0.32368481193139664,0.6381089306694897,67.02,OOS maxDD 38.5% > 25%; MC p05 drawdown 58.2% > 35%; deflated P(SR>0) 0.64 < 0.8 (not distinguishable from luck over 962 trials),"{'w_trend': 0.4, 'w_mom': 0.4, 'w_rev': 0.0}"
ensemble_vote,hybrid,NULL1,1h,False,2.0771948740162403,0.6047342383693795,-0.16561593040462608,2.3062212322851585,0.3488372093023256,43,2.161936409719433,0.8144444444444444,-1.357248352187533,2.476630118528413,1.0,-0.46528959233514683,0.135,0.0,1.6058155923866932,-0.19477506553420398,0.8521466999305366,66.69,MC p05 drawdown 46.5% > 35%; param retention 0.00 < 0.3 (performance is a parameter spike),{'min_agree': 0.5}
squeeze_breakout,volatility,NULL4,1h,False,2.1279688307088236,0.5682141476258409,-0.3257612496847475,1.9686054638945194,0.5185185185185185,27,1.9896373497906819,0.4116666666666667,1.2228858437196755,1.7575375903684853,0.75,-0.40826621945701763,0.09,0.4838732655551559,2.177890531476964,-0.3034716203550656,0.7527341701386946,66.69,OOS maxDD 32.6% > 25%; MC p05 drawdown 40.8% > 35%; deflated P(SR>0) 0.75 < 0.8 (not distinguishable from luck over 962 trials),"{'bb_window': 20, 'squeeze_q': 0.25, 'rank_window': 200, 'channel': 20, 'hold': 48}"
ema_cross,trend,NULL1,1h,False,3.1529720907827103,1.7786083326975657,-0.30347370204838775,7.83645659948731,0.5555555555555556,9,11.030396005290285,1.0,-0.7782657509162642,2.337705731889293,0.75,-0.552741830095338,0.0375,0.0,2.8864332652388858,-0.21685344304979204,0.8211693901908477,66.43,OOS maxDD 30.3% > 25%; 9 OOS trades < 25; MC p05 drawdown 55.3% > 35%; param retention 0.00 < 0.3 (performance is a parameter spike),"{'fast': 80, 'slow': 300, 'allow_short': True}"
mtf_trend,trend,NULL4,1h,False,1.6935892562750805,0.4797621051108871,-0.2805576628694999,1.5504159075097361,0.25925925925925924,54,1.5956653266642529,0.5713888888888888,3.011637010826114,2.132477424164386,0.75,-0.5218189631167156,0.1625,0.819957366006442,1.385886580173955,-0.24465374459476552,0.6351636465278518,62.46,OOS maxDD 28.1% > 25%; MC p05 drawdown 52.2% > 35%; deflated P(SR>0) 0.64 < 0.8 (not distinguishable from luck over 962 trials),"{'htf_rule': '1D', 'htf_fast': 10, 'htf_slow': 20, 'ltf_fast': 10, 'ltf_slow': 50}"
orderflow_proxy,structure,NULL2,1h,False,1.9804568404627003,0.5416874241029943,-0.2629354239202448,1.5150182733204536,0.5050505050505051,99,1.8680376136075196,0.4597222222222222,1.077024167775134,2.010123983252348,0.75,-0.413666452776754,0.115,0.2943195395989296,1.9649760277281896,-0.1896992400764158,0.6662163937003847,61.64,OOS maxDD 26.3% > 25%; MC p05 drawdown 41.4% > 35%; param retention 0.29 < 0.3 (performance is a parameter spike); deflated P(SR>0) 0.67 < 0.8 (not distinguishable from luck over 962 trials),"{'window': 20, 'entry_z': 1.5, 'exit_z': 0.25}"
vol_regime_momentum,volatility,NULL4,1h,False,2.4935625736891742,0.6673270779597613,-0.16977942517893174,1.606160540569616,0.49107142857142855,112,2.470569395479712,0.5336111111111111,2.059152587884527,3.061408168180595,1.0,-0.3716573583638732,0.075,-0.008565338286703255,2.5456257291320536,-0.1956014251854462,0.2302085149820332,60.88,MC p05 drawdown 37.2% > 35%; param retention -0.01 < 0.3 (performance is a parameter spike); deflated P(SR>0) 0.23 < 0.8 (not distinguishable from luck over 962 trials),"{'lookback': 336, 'vol_window': 20, 'ref_window': 200, 'trade_in': 'low'}"
tsmom,momentum,NULL4,1h,False,2.087019809922445,0.8013287941951703,-0.28488707333149466,2.0369588884150636,0.3333333333333333,63,3.189052037672023,1.0,2.409078248166134,2.3562434342912293,1.0,-0.558676011901653,0.12,0.39503490016358844,1.8601940072945156,-0.2782308822279521,0.18704032848326124,60.07,OOS maxDD 28.5% > 25%; MC p05 drawdown 55.9% > 35%; deflated P(SR>0) 0.19 < 0.8 (not distinguishable from luck over 962 trials),"{'lookback': 336, 'vol_scale': True, 'vol_window': 50, 'target_vol': 0.01}"
trend_pullback,hybrid,NULL4,1h,False,1.1692948302097206,0.3087806709930154,-0.3518274966626467,1.5148996441246025,0.32,25,0.9251078790157845,0.9972222222222222,1.5429776512146323,1.5414078534486817,1.0,-0.6577944008332354,0.2875,0.8451690055244704,1.251618749696446,-0.34630264915708264,0.5483441358315875,59.1,OOS maxDD 35.2% > 25%; MC p05 drawdown 65.8% > 35%; deflated P(SR>0) 0.55 < 0.8 (not distinguishable from luck over 962 trials),"{'fast': 50, 'slow': 200, 'bb_window': 20, 'n_std': 2.0, 'hold': 48}"
trend_pullback,hybrid,NULL1,1h,False,1.922396235609139,0.7143473667717566,-0.3868017349917726,1.7974799343750547,0.5588235294117647,34,2.7136310205832372,0.9322222222222222,-0.3215171197307979,2.1615307777189967,0.75,-0.595544233445598,0.185,0.0,2.088307531049805,-0.3193659902754493,0.8362202451611207,57.96,OOS maxDD 38.7% > 25%; MC p05 drawdown 59.6% > 35%; param retention 0.00 < 0.3 (performance is a parameter spike),"{'fast': 50, 'slow': 200, 'bb_window': 20, 'n_std': 1.0, 'hold': 24}"
vol_expansion,volatility,NULL2,1h,False,1.5108471392802139,0.17189946657195487,-0.1310863607993612,1.700957946719641,0.5813953488372093,43,0.47122731243050975,0.03972222222222222,-0.14485181499749447,0.9521443532805605,0.75,-0.27369014754589904,0.245,0.0,1.504648052312062,-0.1252483843169181,0.543866621501404,56.26,param retention 0.00 < 0.3 (performance is a parameter spike); deflated P(SR>0) 0.54 < 0.8 (not distinguishable from luck over 962 trials),"{'fast': 10, 'slow': 100, 'ratio': 1.5, 'dir_lookback': 12}"
tsmom,momentum,NULL1,1h,False,2.205823687390181,0.8730509334276009,-0.43029912781071744,4.066994826354249,0.19047619047619047,21,3.606682383721383,1.0,-0.20265726276095422,2.0559466835897515,0.75,-0.5699428692197703,0.135,0.0,1.7970145663421917,-0.25178156903427173,0.5186966182349098,56.06,OOS maxDD 43.0% > 25%; 21 OOS trades < 25; MC p05 drawdown 57.0% > 35%; param retention 0.00 < 0.3 (performance is a parameter spike); deflated P(SR>0) 0.52 < 0.8 (not distinguishable from luck over 962 trials),"{'lookback': 720, 'vol_scale': True, 'vol_window': 50, 'target_vol': 0.01}"
momentum_persistence,momentum,NULL1,1h,False,1.6981509888938997,0.309431510672884,-0.12407920260108452,1.6239092053153734,0.45714285714285713,105,0.9274388631403785,0.22527777777777777,0.248873258658926,1.5160299980694807,0.75,-0.30541871549857325,0.145,-1.0,1.6223300586761773,-0.09702998974542654,0.30985520000338024,55.07,param retention -1.00 < 0.3 (performance is a parameter spike); deflated P(SR>0) 0.31 < 0.8 (not distinguishable from luck over 962 trials),"{'window': 40, 'threshold': 0.6}"
break_of_structure,structure,NULL4,1h,False,1.7002365392968353,0.6027060170388916,-0.3491308150775905,1.403555657690659,0.38461538461538464,65,2.152218028190761,0.9863888888888889,1.7013068550900754,0.846022249204736,0.5,-0.665396523875048,0.165,0.9072966627961051,2.0541907781897204,-0.40913955516997136,0.505780809049287,54.15,OOS maxDD 34.9% > 25%; MC p05 drawdown 66.5% > 35%; deflated P(SR>0) 0.51 < 0.8 (not distinguishable from luck over 962 trials); worst regime DD 40.9% > 35%,"{'confirm': 5, 'hold': 48}"
squeeze_breakout,volatility,NULL1,1h,False,1.6157170746787168,0.42679995622521005,-0.33874064210523047,1.603087248468739,0.5483870967741935,31,1.3753150085588035,0.47583333333333333,-0.3866775631765662,1.994138397487749,1.0,-0.5619029252422396,0.21,0.0,1.302891345818221,-0.2558393229115209,0.49371909524452157,53.74,OOS maxDD 33.9% > 25%; MC p05 drawdown 56.2% > 35%; param retention 0.00 < 0.3 (performance is a parameter spike); deflated P(SR>0) 0.49 < 0.8 (not distinguishable from luck over 962 trials),"{'bb_window': 20, 'squeeze_q': 0.25, 'rank_window': 200, 'channel': 20, 'hold': 48}"
regime_switch,regime,NULL2,1h,False,1.9826305961932043,0.6474788229969777,-0.2498847258067607,1.4706531518106805,0.4899328859060403,149,2.3708664051492834,0.7697222222222222,1.0565797768122984,1.4960671787801534,0.75,-0.5033822538800679,0.13,0.32571790649857546,0.7747958339502551,-0.2644991430808378,0.4719231531352637,52.96,MC p05 drawdown 50.3% > 35%; deflated P(SR>0) 0.47 < 0.8 (not distinguishable from luck over 962 trials),"{'lookback': 168, 'window': 50, 'entry_z': 2.0, 'adx_th': 20.0}"
vol_expansion,volatility,NULL1,1h,False,2.210768875003956,0.2266241576514818,-0.14512094335127357,1.8492737615064532,0.43478260869565216,23,0.6440864960026065,0.028055555555555556,-1.7473915494841128,0.7133999835550892,0.5,-0.24833951147224448,0.175,0.0,2.9175908149444827,-0.10512049545184798,0.18774379913450917,52.89,23 OOS trades < 25; param retention 0.00 < 0.3 (performance is a parameter spike); deflated P(SR>0) 0.19 < 0.8 (not distinguishable from luck over 962 trials),"{'fast': 10, 'slow': 100, 'ratio': 1.5, 'dir_lookback': 48}"
atr_breakout,volatility,NULL4,1h,False,1.8355414057570163,0.5466967573888002,-0.3106940472787032,1.56947102144227,0.4090909090909091,44,1.8907729710457075,0.5530555555555555,2.4268000994590406,1.8398789815182102,0.75,-0.5092186101958458,0.1925,0.5162429410439048,1.7434670524138918,-0.35339108331873237,0.21435957165656466,52.37,OOS maxDD 31.1% > 25%; MC p05 drawdown 50.9% > 35%; deflated P(SR>0) 0.21 < 0.8 (not distinguishable from luck over 962 trials); worst regime DD 35.3% > 35%,"{'atr_period': 14, 'mult': 1.0, 'hold': 48}"
orderflow_proxy,structure,NULL1,1h,False,1.995367554509641,0.5820597093831739,-0.32733417487149397,1.5894200629181545,0.4716981132075472,53,2.0542905514809355,0.5547222222222222,-0.3474262753908711,1.2918633737073666,0.75,-0.4848650815285417,0.175,0.0,1.6888197396733204,-0.21948064072155105,0.3527914577595963,51.23,OOS maxDD 32.7% > 25%; MC p05 drawdown 48.5% > 35%; param retention 0.00 < 0.3 (performance is a parameter spike); deflated P(SR>0) 0.35 < 0.8 (not distinguishable from luck over 962 trials),"{'window': 40, 'entry_z': 1.5, 'exit_z': 0.25}"
regime_gated_trend,regime,NULL4,1h,False,1.6470295264835444,0.46881277103506513,-0.27635906439992564,1.4350563618045784,0.4117647058823529,102,1.5491646786811084,0.7241666666666666,1.980109209491535,1.8493878681886688,1.0,-0.49374395359369966,0.18,0.3253689761983307,0.7609890351206299,-0.31015150664146895,0.12095286776620273,50.25,OOS maxDD 27.6% > 25%; MC p05 drawdown 49.4% > 35%; deflated P(SR>0) 0.12 < 0.8 (not distinguishable from luck over 962 trials),"{'lookback': 336, 'adx_th': 20.0}"
mtf_trend,trend,NULL2,1h,False,1.2495971685668834,0.3021778187439106,-0.3699726734022315,1.4660866283006821,0.2916666666666667,48,0.9015536247006763,0.5525,1.4537411993367557,1.1428880466188975,0.5,-0.5839089726333359,0.275,0.6841922894294538,1.4525147509736478,-0.21650529452576173,0.5930493650353384,49.88,OOS maxDD 37.0% > 25%; MC p05 drawdown 58.4% > 35%; deflated P(SR>0) 0.59 < 0.8 (not distinguishable from luck over 962 trials),"{'htf_rule': '1D', 'htf_fast': 10, 'htf_slow': 20, 'ltf_fast': 10, 'ltf_slow': 50}"
vol_exhaustion,mean_reversion,NULL2,1h,False,1.207953943358154,0.1682499609075394,-0.1401447606423185,3.12707907291046,0.6,10,0.46010038259834407,0.07361111111111111,0.3545825474629913,0.4471986796195915,0.5,-0.25048066696285165,0.2,0.0,1.2828603082913415,-0.1295051420936657,0.4600056636771644,49.66,10 OOS trades < 25; param retention 0.00 < 0.3 (performance is a parameter spike); deflated P(SR>0) 0.46 < 0.8 (not distinguishable from luck over 962 trials),"{'move_window': 12, 'move_z': 1.5, 'rv_ratio': 1.5, 'hold': 24}"
vol_expansion,volatility,NULL4,1h,False,1.8287581438216214,0.3583065909609364,-0.26474300820508767,1.4251551261037658,0.44166666666666665,120,1.107259018664406,0.14472222222222222,0.6778736682375366,1.7805414729019904,0.75,-0.3966160530984823,0.165,-0.43267247849765544,-0.12325854471788854,-0.1739893714844869,0.5339347201841657,49.25,OOS maxDD 26.5% > 25%; MC p05 drawdown 39.7% > 35%; param retention -0.43 < 0.3 (performance is a parameter spike); deflated P(SR>0) 0.53 < 0.8 (not distinguishable from luck over 962 trials); +1-bar-lag Sharpe -0.12 — edge dies with delay,"{'fast': 10, 'slow': 100, 'ratio': 1.25, 'dir_lookback': 48}"
ema_cross,trend,NULL4,1h,False,1.12987787316357,0.28939399653551523,-0.3348976922012171,1.5053686801369905,0.3333333333333333,27,0.8564347951525204,1.0,2.5955671361163635,1.356442606590877,0.75,-0.637818360420406,0.295,0.6846888501284197,1.1318253942823033,-0.4374020666516788,0.46839032061131125,49.13,OOS maxDD 33.5% > 25%; MC p05 drawdown 63.8% > 35%; deflated P(SR>0) 0.47 < 0.8 (not distinguishable from luck over 962 trials); worst regime DD 43.7% > 35%,"{'fast': 50, 'slow': 120, 'allow_short': True}"
donchian_breakout,trend,NULL2,1h,False,0.910661503849407,0.16810944810619288,-0.2749044740987098,1.4000358901248755,0.4444444444444444,27,0.45967296968686666,0.4602777777777778,2.459011102857474,1.5279799017947278,0.75,-0.5451095949686346,0.315,0.7222184187446569,0.9950761483365611,-0.2912888751136167,0.4603431311394377,48.72,OOS Sharpe 0.91 < 1.0; OOS maxDD 27.5% > 25%; OOS/IS Sharpe 0.37 < 0.4 (overfit); MC p05 drawdown 54.5% > 35%; deflated P(SR>0) 0.46 < 0.8 (not distinguishable from luck over 962 trials),"{'entry': 100, 'exit': 20, 'allow_short': True}"
ema_cross,trend,NULL2,1h,False,1.086159495386794,0.26785538543683374,-0.4186727126435724,1.4288233217086026,0.26,50,0.7818562778908413,1.0,1.3811896086420459,1.1408008532400886,0.75,-0.6709460012417744,0.3025,0.6288431647861905,1.5328962985169041,-0.33562367626073464,0.4138668118170687,47.66,OOS maxDD 41.9% > 25%; MC p05 drawdown 67.1% > 35%; deflated P(SR>0) 0.41 < 0.8 (not distinguishable from luck over 962 trials),"{'fast': 20, 'slow': 120, 'allow_short': True}"
rsi_reversion,mean_reversion,NULL4,1h,False,0.9870214193467651,0.08737687065089705,-0.12870696213215949,2.21173233929156,0.625,8,0.22616660873265237,0.058611111111111114,-0.6639177289738577,0.8386996186166287,0.75,-0.20017859003328375,0.2525,0.0,0.7917989081149751,-0.11195409579211402,0.1368934303023977,46.65,OOS Sharpe 0.99 < 1.0; 8 OOS trades < 25; param retention 0.00 < 0.3 (performance is a parameter spike); deflated P(SR>0) 0.14 < 0.8 (not distinguishable from luck over 962 trials),"{'period': 14, 'lower': 20.0, 'upper': 80.0, 'exit_band': 50.0}"
donchian_breakout,trend,NULL1,1h,False,1.075490768992674,0.24470201397207658,-0.27066989408394637,1.7240540983098367,0.5263157894736842,19,0.703687993689579,0.6852777777777778,-1.0367017273532728,1.5242669667595925,0.75,-0.6217515037579883,0.3125,0.0,1.0315816896170198,-0.23635855458176402,0.5079034008318394,45.35,OOS maxDD 27.1% > 25%; 19 OOS trades < 25; MC p05 drawdown 62.2% > 35%; param retention 0.00 < 0.3 (performance is a parameter spike); deflated P(SR>0) 0.51 < 0.8 (not distinguishable from luck over 962 trials),"{'entry': 100, 'exit': 50, 'allow_short': True}"
trend_acceleration,trend,NULL1,1h,False,1.5804712779065113,0.3195961565745957,-0.2778254191032158,1.4095653405908586,0.3727810650887574,169,0.9640594710701649,0.2619444444444444,-0.7559794448229068,0.9574616069573084,0.5,-0.43239500990071966,0.23,0.0,1.515153473206939,-0.24224868070224181,0.5612845571347168,45.08,OOS maxDD 27.8% > 25%; MC p05 drawdown 43.2% > 35%; param retention 0.00 < 0.3 (performance is a parameter spike); deflated P(SR>0) 0.56 < 0.8 (not distinguishable from luck over 962 trials),"{'span': 50, 'accel_window': 10, 'er_window': 20, 'er_min': 0.3}"
momentum_persistence,momentum,NULL4,1h,False,1.1550448766692252,0.08855052039512801,-0.05900512857742579,1.8014406441106559,0.4,35,0.22939039455988386,0.051666666666666666,-0.04049632758653269,0.8260216537379116,0.5,-0.16060039281884794,0.2525,0.0,-1.0614773744354524,-0.0590051285774259,0.30359546959748135,44.78,param retention 0.00 < 0.3 (performance is a parameter spike); deflated P(SR>0) 0.30 < 0.8 (not distinguishable from luck over 962 trials); +1-bar-lag Sharpe -1.06 — edge dies with delay,"{'window': 40, 'threshold': 0.65}"
regime_switch,regime,NULL1,1h,False,0.698937185659823,0.10353648805071947,-0.3072547584410771,1.1402513111069288,0.4367816091954023,174,0.27099319701190394,0.8338888888888889,-1.0321318601995284,0.7509770590214038,1.0,-0.6860259196075486,0.425,0.0,0.5492081241762616,-0.2203030889528087,0.4885874220465293,41.86,OOS Sharpe 0.70 < 1.0; OOS PF 1.14 < 1.15; OOS maxDD 30.7% > 25%; MC p05 drawdown 68.6% > 35%; param retention 0.00 < 0.3 (performance is a parameter spike); deflated P(SR>0) 0.49 < 0.8 (not distinguishable from luck over 962 trials),"{'lookback': 168, 'window': 50, 'entry_z': 1.5, 'adx_th': 20.0}"
vol_regime_momentum,volatility,NULL2,1h,False,1.4169281718928757,0.3775678856011522,-0.30393819344348116,1.3655523080399938,0.4338235294117647,136,1.1807324196800075,0.4816666666666667,1.1863877720877367,1.3647235944032832,0.75,-0.5363493952931417,0.2,-0.4883463169223331,0.9553601856453343,-0.2587914100078067,0.2521417808065028,41.78,OOS maxDD 30.4% > 25%; MC p05 drawdown 53.6% > 35%; param retention -0.49 < 0.3 (performance is a parameter spike); deflated P(SR>0) 0.25 < 0.8 (not distinguishable from luck over 962 trials),"{'lookback': 168, 'vol_window': 20, 'ref_window': 200, 'trade_in': 'high'}"
sma_cross,trend,NULL2,1h,False,0.8916299078701447,0.17685421911260613,-0.41618446178844193,1.3615618825866838,0.3611111111111111,36,0.4864135088682102,1.0,1.9761888620644648,0.7663985970202895,0.5,-0.6775323816527946,0.38,0.7117097983471675,1.161460752487859,-0.3186709735933215,0.4097752817084716,41.38,OOS Sharpe 0.89 < 1.0; OOS maxDD 41.6% > 25%; MC p05 drawdown 67.8% > 35%; deflated P(SR>0) 0.41 < 0.8 (not distinguishable from luck over 962 trials),"{'fast': 20, 'slow': 150, 'allow_short': True}"
relative_value,stat_arb,NULL1+NULL3,1h,False,1.1587307770961253,0.1755870800634327,-0.20250598124606922,1.3579017868297556,0.6451612903225806,62,0.48252101307616213,0.3813888888888889,1.587507715538398,1.446807385160475,0.75,-0.35926926114379454,0.2375,-0.017882525871875225,1.438089843490425,-0.2246466022306427,0.13716313555810056,41.36,MC p05 drawdown 35.9% > 35%; param retention -0.02 < 0.3 (performance is a parameter spike); deflated P(SR>0) 0.14 < 0.8 (not distinguishable from luck over 962 trials),"{'z_window': 100, 'entry_z': 2.5, 'exit_z': 0.5}"
ensemble_vote,hybrid,NULL2,1h,False,0.3704458250268138,0.023661180510419655,-0.2516999882618578,1.1535873530880059,0.32608695652173914,46,0.05857192096330244,0.42388888888888887,2.318383145176868,1.115432669089292,0.75,-0.5200850349558516,0.4475,0.6964260224458739,0.6488231426345755,-0.24782495335289512,0.3238966192804924,40.57,OOS Sharpe 0.37 < 1.0; OOS maxDD 25.2% > 25%; OOS/IS Sharpe 0.16 < 0.4 (overfit); MC p05 drawdown 52.0% > 35%; deflated P(SR>0) 0.32 < 0.8 (not distinguishable from luck over 962 trials),{'min_agree': 0.75}
breakout_volume,trend,NULL1,1h,False,1.3865852749686625,0.33078920583447213,-0.3593586691972106,1.4920311601142147,0.4878048780487805,41,1.0048557695296614,0.4438888888888889,-0.029563671793898662,-0.09799076227222983,0.5,-0.5467156003199058,0.2875,0.0,1.6270617260745137,-0.2936920399246602,0.43954193386573254,39.59,OOS maxDD 35.9% > 25%; MC p05 drawdown 54.7% > 35%; param retention 0.00 < 0.3 (performance is a parameter spike); deflated P(SR>0) 0.44 < 0.8 (not distinguishable from luck over 962 trials),"{'window': 40, 'vol_z': 0.5, 'hold': 30}"
trend_pullback,hybrid,NULL2,1h,False,0.1285664066327294,-0.12096745602129322,-0.6254969757178002,1.1863094537740797,0.2631578947368421,19,-0.26935312836960956,1.0,1.9040791406203692,0.683385331833083,0.75,-0.7547783987599853,0.5825,0.8489843085100793,0.4194036740390109,-0.31804432965915963,0.2905257340973017,39.16,OOS return -12.1% ≤ 0; OOS Sharpe 0.13 < 1.0; OOS maxDD 62.5% > 25%; 19 OOS trades < 25; OOS/IS Sharpe 0.07 < 0.4 (overfit); MC p05 drawdown 75.5% > 35%; deflated P(SR>0) 0.29 < 0.8 (not distinguishable from luck over 962 trials),"{'fast': 50, 'slow': 200, 'bb_window': 20, 'n_std': 1.0, 'hold': 96}"
breakout_volume,trend,NULL4,1h,False,0.9873232316537872,0.2002339954547523,-0.27556471800973315,1.2931210748943045,0.48,50,0.5593155391039966,0.5358333333333334,1.7029056459276615,0.7299844196920442,0.5,-0.5731897453374972,0.315,0.7310996085681649,0.740441333910582,-0.2395970627930345,0.06794709366973502,37.94,OOS Sharpe 0.99 < 1.0; OOS maxDD 27.6% > 25%; MC p05 drawdown 57.3% > 35%; deflated P(SR>0) 0.07 < 0.8 (not distinguishable from luck over 962 trials),"{'window': 20, 'vol_z': 0.5, 'hold': 30}"
weighted_composite,hybrid,NULL4,1h,False,0.49778636768279744,0.026710932221967187,-0.39123619636972295,1.1552294171786206,0.3111111111111111,45,0.06626460692095049,0.9355555555555556,1.4148791594835817,0.9182806350159347,0.75,-0.6999479531840505,0.4225,0.6226890527238118,0.6411842609130144,-0.4088163695059158,0.23405624602114505,36.44,OOS Sharpe 0.50 < 1.0; OOS maxDD 39.1% > 25%; OOS/IS Sharpe 0.35 < 0.4 (overfit); MC p05 drawdown 70.0% > 35%; deflated P(SR>0) 0.23 < 0.8 (not distinguishable from luck over 962 trials); worst regime DD 40.9% > 35%,"{'w_trend': 0.4, 'w_mom': 0.4, 'w_rev': 0.0}"
donchian_breakout,trend,NULL4,1h,False,1.175563803880769,0.2374989888405994,-0.24589666296040646,1.459151869903593,0.5,34,0.6797902101573381,0.4075,1.3274629393523452,0.9460131557644732,0.5,-0.4973304436992634,0.2725,-0.06859892235678684,1.079081402611725,-0.22921979325416386,0.1913820729205577,35.07,MC p05 drawdown 49.7% > 35%; param retention -0.07 < 0.3 (performance is a parameter spike); deflated P(SR>0) 0.19 < 0.8 (not distinguishable from luck over 962 trials),"{'entry': 100, 'exit': 10, 'allow_short': True}"
sma_cross,trend,NULL1,1h,False,0.9219081055321356,0.19079974144592948,-0.4002134907063398,1.2583419147722195,0.30434782608695654,69,0.5296504167270621,1.0,-0.7041332347119098,0.6576124822958901,0.75,-0.7562971945220343,0.375,0.0,1.8005726681617673,-0.47859796916012387,0.38937754979714306,34.86,OOS Sharpe 0.92 < 1.0; OOS maxDD 40.0% > 25%; MC p05 drawdown 75.6% > 35%; param retention 0.00 < 0.3 (performance is a parameter spike); deflated P(SR>0) 0.39 < 0.8 (not distinguishable from luck over 962 trials); worst regime DD 47.9% > 35%,"{'fast': 20, 'slow': 60, 'allow_short': True}"
break_of_structure,structure,NULL1,1h,False,1.0516194153495289,0.2509937220562417,-0.4666243552735627,1.262422405720384,0.390625,64,0.7247251877154282,1.0,-0.49601490024333383,0.18564190160659255,0.5,-0.7537334095858198,0.41,0.0,1.344483844256236,-0.35668792040963604,0.4887463897696503,34.42,OOS maxDD 46.7% > 25%; MC p05 drawdown 75.4% > 35%; param retention 0.00 < 0.3 (performance is a parameter spike); deflated P(SR>0) 0.49 < 0.8 (not distinguishable from luck over 962 trials); worst regime DD 35.7% > 35%,"{'confirm': 5, 'hold': 96}"
support_resistance,structure,NULL1,1h,False,1.2582835343594283,0.3226783806218301,-0.45182170956379986,1.2726317892177454,0.632183908045977,87,0.9752442400829235,0.7266666666666667,0.8107105983801355,-0.023805779108584092,0.5,-0.6438903544482696,0.2625,-0.2967830491641438,1.3487076307097896,-0.31824842275690945,0.23516785015560038,33.37,OOS maxDD 45.2% > 25%; MC p05 drawdown 64.4% > 35%; param retention -0.30 < 0.3 (performance is a parameter spike); deflated P(SR>0) 0.24 < 0.8 (not distinguishable from luck over 962 trials),"{'confirm': 8, 'tolerance': 0.003, 'hold': 24}"
zscore_reversion,mean_reversion,NULL3,1h,False,0.8845111248680636,0.14633413204668533,-0.23273146161546654,1.306119458788515,0.673469387755102,49,0.39432520720789244,0.31583333333333335,1.5326542668826029,1.0150081267515643,0.75,-0.49695779848853366,0.3475,0.055490853054334266,0.23484040911565437,-0.19252735472377636,0.11597092345579152,32.92,OOS Sharpe 0.88 < 1.0; MC p05 drawdown 49.7% > 35%; param retention 0.06 < 0.3 (performance is a parameter spike); deflated P(SR>0) 0.12 < 0.8 (not distinguishable from luck over 962 trials),"{'window': 50, 'entry_z': 2.5, 'exit_z': 0.5}"
weighted_composite,hybrid,NULL1,1h,False,0.3571228338727147,0.02190983144849823,-0.22847065741833428,1.125333567020671,0.3974358974358974,78,0.05416914927414629,1.0,-1.2383828747797803,1.7248124080968918,0.75,-0.5339136960628195,0.54,0.0,-0.17241094576508387,-0.21870850291816524,0.5885585538373913,31.43,OOS Sharpe 0.36 < 1.0; OOS PF 1.13 < 1.15; MC p05 drawdown 53.4% > 35%; param retention 0.00 < 0.3 (performance is a parameter spike); deflated P(SR>0) 0.59 < 0.8 (not distinguishable from luck over 962 trials); +1-bar-lag Sharpe -0.17 — edge dies with delay,"{'w_trend': 0.4, 'w_mom': 0.4, 'w_rev': 0.4}"
regime_gated_trend,regime,NULL2,1h,False,0.6676028003791306,0.09479359700860224,-0.3523069043514758,1.1963466031415302,0.4470588235294118,85,0.2466227982289646,0.48333333333333334,1.7892809929894533,0.6455841275754669,0.5,-0.5423861885083108,0.4025,0.42575628337913207,0.44507704137844106,-0.2329853884816877,0.168007840952061,31.2,OOS Sharpe 0.67 < 1.0; OOS maxDD 35.2% > 25%; OOS/IS Sharpe 0.37 < 0.4 (overfit); MC p05 drawdown 54.2% > 35%; deflated P(SR>0) 0.17 < 0.8 (not distinguishable from luck over 962 trials),"{'lookback': 336, 'adx_th': 25.0}"
momentum_persistence,momentum,NULL3,1h,False,0.32737210432159797,0.011803928924699614,-0.0777330953637867,1.3945759232010517,0.2727272727272727,11,0.028974452041748533,0.015,0.9726346931201436,0.7752469992814253,0.5,-0.09926500713705243,0.4275,-0.9762586796229171,-2.7228521125481224,-0.02559459349412274,0.024842814711006318,30.44,OOS Sharpe 0.33 < 1.0; 11 OOS trades < 25; OOS/IS Sharpe 0.34 < 0.4 (overfit); param retention -0.98 < 0.3 (performance is a parameter spike); deflated P(SR>0) 0.02 < 0.8 (not distinguishable from luck over 962 trials); +1-bar-lag Sharpe -2.72 — edge dies with delay,"{'window': 40, 'threshold': 0.65}"
sma_cross,trend,NULL4,1h,False,0.6497866605771823,0.07281776955022945,-0.4407617662634006,1.1920167341428776,0.3142857142857143,35,0.18658941781357274,1.0,1.7251024617933477,1.1035364694678456,0.5,-0.7067250557126222,0.4325,0.6278377728578522,0.17489787432253973,-0.40592697886759366,0.2879243652372633,30.16,OOS Sharpe 0.65 < 1.0; OOS maxDD 44.1% > 25%; OOS/IS Sharpe 0.38 < 0.4 (overfit); MC p05 drawdown 70.7% > 35%; deflated P(SR>0) 0.29 < 0.8 (not distinguishable from luck over 962 trials); worst regime DD 40.6% > 35%,"{'fast': 20, 'slow': 150, 'allow_short': True}"
support_resistance,structure,NULL3,1h,False,0.8404751720532855,0.15565238696379713,-0.4347165240778086,1.1253435151793028,0.5648148148148148,216,0.4220735166337801,0.9436111111111111,1.4015975574171535,-0.7080018766171178,0.0,-0.6550623164264994,0.3825,0.7653112292693633,1.2429989645924795,-0.2840313775600608,0.35187571112162197,29.95,OOS Sharpe 0.84 < 1.0; OOS PF 1.13 < 1.15; OOS maxDD 43.5% > 25%; only 0% WF windows positive; MC p05 drawdown 65.5% > 35%; deflated P(SR>0) 0.35 < 0.8 (not distinguishable from luck over 962 trials),"{'confirm': 3, 'tolerance': 0.003, 'hold': 24}"
vol_exhaustion,mean_reversion,NULL3,1h,False,-1.094459039741701,-0.04793309868738871,-0.11686024737196188,0.06935147192148432,0.5,2,-0.11268788043314526,0.013888888888888888,0.40395864174230367,0.07034436346337224,0.75,-0.18291176282696847,0.75,0.0,-1.8317831108745568,-0.07192200921404801,0.0891637669107525,29.53,OOS return -4.8% ≤ 0; OOS Sharpe -1.09 < 1.0; OOS PF 0.07 < 1.15; 2 OOS trades < 25; OOS/IS Sharpe -2.71 < 0.4 (overfit); param retention 0.00 < 0.3 (performance is a parameter spike); deflated P(SR>0) 0.09 < 0.8 (not distinguishable from luck over 962 trials); +1-bar-lag Sharpe -1.83 — edge dies with delay,"{'move_window': 12, 'move_z': 2.0, 'rv_ratio': 1.5, 'hold': 24}"
orderflow_proxy,structure,NULL4,1h,False,0.579663469967817,0.06938849582775863,-0.38548014605507375,1.1793044830535455,0.421875,64,0.17737850062977056,0.49944444444444447,1.1506302253990117,0.9806422436288924,0.5,-0.601132257163073,0.3925,-0.1260354127151128,0.9959943751137884,-0.19768428077327982,0.2771073740732528,29.01,OOS Sharpe 0.58 < 1.0; OOS maxDD 38.5% > 25%; MC p05 drawdown 60.1% > 35%; param retention -0.13 < 0.3 (performance is a parameter spike); deflated P(SR>0) 0.28 < 0.8 (not distinguishable from luck over 962 trials),"{'window': 40, 'entry_z': 1.5, 'exit_z': 0.25}"
support_resistance,structure,NULL4,1h,False,0.8175442348557297,0.14592004497715294,-0.4329489581240886,1.144660176702864,0.49101796407185627,167,0.3930995915738982,0.9005555555555556,-1.2764581202424503,0.013263010813612537,0.5,-0.7187433511694371,0.4525,0.0,0.8345975525536041,-0.40100887573975763,0.3541360463128541,28.8,OOS Sharpe 0.82 < 1.0; OOS PF 1.14 < 1.15; OOS maxDD 43.3% > 25%; MC p05 drawdown 71.9% > 35%; param retention 0.00 < 0.3 (performance is a parameter spike); deflated P(SR>0) 0.35 < 0.8 (not distinguishable from luck over 962 trials); worst regime DD 40.1% > 35%,"{'confirm': 3, 'tolerance': 0.002, 'hold': 24}"
corr_breakdown,stat_arb,NULL1+NULL3,1h,False,0.648266833229592,0.07265989719062116,-0.17544871912432858,1.2216073199245971,0.5652173913043478,46,0.1861644490126717,0.2966666666666667,-0.04987353786230124,-1.1652986071510998,0.25,-0.3300685106133895,0.395,0.0,0.4986055488598582,-0.15093431730126405,0.2976683461038271,28.78,OOS Sharpe 0.65 < 1.0; only 25% WF windows positive; param retention 0.00 < 0.3 (performance is a parameter spike); deflated P(SR>0) 0.30 < 0.8 (not distinguishable from luck over 962 trials),"{'corr_window': 50, 'ref_window': 500, 'corr_q': 0.05, 'lookback': 48, 'hold': 48}"
breakout_volume,trend,NULL2,1h,False,-0.6822034023677775,-0.1856992568676329,-0.31417826392575354,0.8246494502126965,0.4482758620689655,29,-0.3934739809897937,0.27666666666666667,1.7603700579238357,1.5259194940829266,0.75,-0.5922119890505856,0.7075,0.6103143088905215,-0.7982365634933819,-0.24518456545654344,0.032119179014960406,26.88,OOS return -18.6% ≤ 0; OOS Sharpe -0.68 < 1.0; OOS PF 0.82 < 1.15; OOS maxDD 31.4% > 25%; OOS/IS Sharpe -0.39 < 0.4 (overfit); MC p05 drawdown 59.2% > 35%; deflated P(SR>0) 0.03 < 0.8 (not distinguishable from luck over 962 trials); +1-bar-lag Sharpe -0.80 — edge dies with delay,"{'window': 40, 'vol_z': 1.0, 'hold': 30}"
coint_pair,stat_arb,NULL1+NULL3,1h,False,-0.4854746776442016,-0.12899151002318554,-0.30038271615261714,0.9909954228137688,0.4642857142857143,196,-0.285480762123672,0.7108333333333333,1.22555138021708,-0.1649289838296605,0.5,-0.5501793565689709,0.625,0.7157529438621402,-0.6689562020380275,-0.19429633843856664,0.21034065011986086,26.64,OOS return -12.9% ≤ 0; OOS Sharpe -0.49 < 1.0; OOS PF 0.99 < 1.15; OOS maxDD 30.0% > 25%; OOS/IS Sharpe -0.40 < 0.4 (overfit); MC p05 drawdown 55.0% > 35%; deflated P(SR>0) 0.21 < 0.8 (not distinguishable from luck over 962 trials); +1-bar-lag Sharpe -0.67 — edge dies with delay,"{'window': 500, 'refit_every': 100, 'z_window': 100, 'entry_z': 2.5, 'exit_z': 0.5, 'stop_z': 4.0}"
rsi_reversion,mean_reversion,NULL3,1h,False,0.18445025555222735,0.006120344464312311,-0.135597399053917,1.1379391858894181,0.4444444444444444,9,0.014962406715834264,0.08694444444444445,1.7873877737478254,-0.39447928358526535,0.5,-0.3227515048443251,0.535,0.37232089337281665,-0.3439963209271274,-0.12493718919274965,0.010183623925448866,26.12,OOS Sharpe 0.18 < 1.0; OOS PF 1.14 < 1.15; 9 OOS trades < 25; OOS/IS Sharpe 0.10 < 0.4 (overfit); deflated P(SR>0) 0.01 < 0.8 (not distinguishable from luck over 962 trials); +1-bar-lag Sharpe -0.34 — edge dies with delay,"{'period': 21, 'lower': 20.0, 'upper': 70.0, 'exit_band': 50.0}"
relative_strength,momentum,NULL1,1h,False,0.833958482400607,0.14179469751248286,-0.2831013926203425,1.332941838680549,0.36283185840707965,113,0.38092403676189557,0.4097222222222222,0.09953974218710562,1.7807142092919674,0.5,-0.5626427918315694,0.3325,-1.0,-0.37706547668161133,-0.20626479706963485,0.12918033863163597,25.19,OOS Sharpe 0.83 < 1.0; OOS maxDD 28.3% > 25%; MC p05 drawdown 56.3% > 35%; param retention -1.00 < 0.3 (performance is a parameter spike); deflated P(SR>0) 0.13 < 0.8 (not distinguishable from luck over 962 trials); +1-bar-lag Sharpe -0.38 — edge dies with delay,"{'lookback': 72, 'rank_window': 500, 'upper_q': 0.8, 'lower_q': 0.15}"
squeeze_breakout,volatility,NULL2,1h,False,-0.11745553555887407,-0.11365980955730959,-0.3332615818813127,0.9462002141125374,0.5,28,-0.25448054360044103,0.44083333333333335,2.3046321102591887,0.3501666133987322,0.75,-0.6301114081324052,0.61,0.42142083203896485,-0.0316138221042174,-0.26988196137881093,0.048392476433016605,24.46,OOS return -11.4% ≤ 0; OOS Sharpe -0.12 < 1.0; OOS PF 0.95 < 1.15; OOS maxDD 33.3% > 25%; OOS/IS Sharpe -0.05 < 0.4 (overfit); MC p05 drawdown 63.0% > 35%; deflated P(SR>0) 0.05 < 0.8 (not distinguishable from luck over 962 trials); +1-bar-lag Sharpe -0.03 — edge dies with delay,"{'bb_window': 20, 'squeeze_q': 0.25, 'rank_window': 200, 'channel': 40, 'hold': 48}"
momentum_persistence,momentum,NULL2,1h,False,-2.9681249489522123,-0.10873661907357457,-0.12866445704151241,0.2750374695062783,0.21052631578947367,19,-0.2443611377545699,0.010277777777777778,1.513239078492958,-0.6919689057183603,0.5,-0.21066126555852563,0.995,-0.03200595257136804,-1.2437624067951434,-0.08024571906100908,1.917104589279293e-06,22.5,OOS return -10.9% ≤ 0; OOS Sharpe -2.97 < 1.0; OOS PF 0.28 < 1.15; 19 OOS trades < 25; OOS/IS Sharpe -1.96 < 0.4 (overfit); param retention -0.03 < 0.3 (performance is a parameter spike); deflated P(SR>0) 0.00 < 0.8 (not distinguishable from luck over 962 trials); +1-bar-lag Sharpe -1.24 — edge dies with delay,"{'window': 40, 'threshold': 0.7}"
vol_regime_momentum,volatility,NULL1,1h,False,0.29652240279500747,0.0008747620779367971,-0.293211644161979,1.106928904403256,0.43790849673202614,153,0.0021305147699739457,0.5033333333333333,0.43342161274149726,1.157345237370879,0.75,-0.580556191178906,0.55,-1.0,-0.03004930955467966,-0.20275137268105325,0.02008178185323124,22.38,OOS Sharpe 0.30 < 1.0; OOS PF 1.11 < 1.15; OOS maxDD 29.3% > 25%; MC p05 drawdown 58.1% > 35%; param retention -1.00 < 0.3 (performance is a parameter spike); deflated P(SR>0) 0.02 < 0.8 (not distinguishable from luck over 962 trials); +1-bar-lag Sharpe -0.03 — edge dies with delay,"{'lookback': 168, 'vol_window': 20, 'ref_window': 200, 'trade_in': 'low'}"
regime_switch,regime,NULL4,1h,False,-0.21172521648868897,-0.17898307358669208,-0.5070363902027876,0.9946293096878522,0.43564356435643564,202,-0.38122575552171967,0.8077777777777778,0.383721904837934,0.3210325909770609,0.75,-0.6934866272701059,0.68,-1.0,0.5511425330125758,-0.36487760755220466,0.01140494501208995,22.33,OOS return -17.9% ≤ 0; OOS Sharpe -0.21 < 1.0; OOS PF 0.99 < 1.15; OOS maxDD 50.7% > 25%; OOS/IS Sharpe -0.55 < 0.4 (overfit); MC p05 drawdown 69.3% > 35%; param retention -1.00 < 0.3 (performance is a parameter spike); deflated P(SR>0) 0.01 < 0.8 (not distinguishable from luck over 962 trials); worst regime DD 36.5% > 35%,"{'lookback': 168, 'window': 50, 'entry_z': 2.0, 'adx_th': 20.0}"
rsi_reversion,mean_reversion,NULL2,1h,False,0.12778126469037948,0.0007407038626852103,-0.17722484438215336,1.1130301268060823,0.6666666666666666,9,0.0018038377901898883,0.08777777777777777,-0.62215268876939,-0.6378460481431748,0.25,-0.2704494570323083,0.4725,-1.0,0.11058307614745706,-0.16417621112566894,0.08474532338397284,21.91,OOS Sharpe 0.13 < 1.0; OOS PF 1.11 < 1.15; 9 OOS trades < 25; only 25% WF windows positive; param retention -1.00 < 0.3 (performance is a parameter spike); deflated P(SR>0) 0.08 < 0.8 (not distinguishable from luck over 962 trials),"{'period': 21, 'lower': 20.0, 'upper': 70.0, 'exit_band': 50.0}"
mtf_trend,trend,NULL3,1h,False,-1.4698639646580351,-0.3916595203899792,-0.5102101199564897,0.4863588730763411,0.28125,32,-0.7017289746588008,0.5638888888888889,1.8734718988921817,0.8426634292669241,0.5,-0.7282262909725535,0.905,0.7168704430575616,-1.4390355708907554,-0.3817903374306507,0.049629777054773686,21.24,OOS return -39.2% ≤ 0; OOS Sharpe -1.47 < 1.0; OOS PF 0.49 < 1.15; OOS maxDD 51.0% > 25%; OOS/IS Sharpe -0.78 < 0.4 (overfit); MC p05 drawdown 72.8% > 35%; deflated P(SR>0) 0.05 < 0.8 (not distinguishable from luck over 962 trials); +1-bar-lag Sharpe -1.44 — edge dies with delay; worst regime DD 38.2% > 35%,"{'htf_rule': '1D', 'htf_fast': 10, 'htf_slow': 50, 'ltf_fast': 30, 'ltf_slow': 50}"
vol_exhaustion,mean_reversion,NULL1,1h,False,-1.7121305334858496,-0.2208923746715602,-0.37698355272627826,0.4648115675396807,0.4,10,-0.45531278544708254,0.08805555555555555,1.8809017858529349,-1.1558737874726202,0.5,-0.5578008457427084,0.825,0.7141403048240716,-1.5960195592574262,-0.38253992595665787,0.002022369836292912,20.48,OOS return -22.1% ≤ 0; OOS Sharpe -1.71 < 1.0; OOS PF 0.46 < 1.15; OOS maxDD 37.7% > 25%; 10 OOS trades < 25; OOS/IS Sharpe -0.91 < 0.4 (overfit); MC p05 drawdown 55.8% > 35%; deflated P(SR>0) 0.00 < 0.8 (not distinguishable from luck over 962 trials); +1-bar-lag Sharpe -1.60 — edge dies with delay; worst regime DD 38.3% > 35%,"{'move_window': 12, 'move_z': 2.0, 'rv_ratio': 1.25, 'hold': 24}"
liquidity_sweep,structure,NULL1,1h,False,0.2235883949098444,-0.05821994651469753,-0.44843312659242396,1.0733892801291325,0.5730337078651685,89,-0.135842690574838,0.7766666666666666,0.7583961325352796,-0.10668081527742505,0.5,-0.7371293619706254,0.53,-0.5789816726462561,1.2265611053587464,-0.29857650228640875,0.02987493297050649,20.38,OOS return -5.8% ≤ 0; OOS Sharpe 0.22 < 1.0; OOS PF 1.07 < 1.15; OOS maxDD 44.8% > 25%; OOS/IS Sharpe 0.29 < 0.4 (overfit); MC p05 drawdown 73.7% > 35%; param retention -0.58 < 0.3 (performance is a parameter spike); deflated P(SR>0) 0.03 < 0.8 (not distinguishable from luck over 962 trials),"{'confirm': 8, 'hold': 24}"
regime_gated_reversion,regime,NULL3,1h,False,-1.2476474110185356,-0.1111564638623207,-0.18553854639881406,0.7291058507284719,0.5161290322580645,31,-0.2493450691061967,0.051944444444444446,-0.48859719538541707,0.10175281168411794,0.5,-0.32328724112189744,0.835,0.0,-2.4113988348414974,-0.10035260450557415,0.008133603921442382,20.05,OOS return -11.1% ≤ 0; OOS Sharpe -1.25 < 1.0; OOS PF 0.73 < 1.15; param retention 0.00 < 0.3 (performance is a parameter spike); deflated P(SR>0) 0.01 < 0.8 (not distinguishable from luck over 962 trials); +1-bar-lag Sharpe -2.41 — edge dies with delay,"{'window': 50, 'entry_z': 2.5, 'adx_th': 20.0}"
rsi_reversion,mean_reversion,NULL1,1h,False,-0.1380704356381842,-0.040352948654268195,-0.18434735867334406,0.8939946526348037,0.4,10,-0.0953943356383381,0.10472222222222222,1.45669551410928,-0.086674365142602,0.25,-0.3643801214864815,0.6225,0.5258078848498718,-0.15067205239184653,-0.159397036380013,0.0375372692811094,20.03,OOS return -4.0% ≤ 0; OOS Sharpe -0.14 < 1.0; OOS PF 0.89 < 1.15; 10 OOS trades < 25; OOS/IS Sharpe -0.09 < 0.4 (overfit); only 25% WF windows positive; MC p05 drawdown 36.4% > 35%; deflated P(SR>0) 0.04 < 0.8 (not distinguishable from luck over 962 trials); +1-bar-lag Sharpe -0.15 — edge dies with delay,"{'period': 21, 'lower': 20.0, 'upper': 70.0, 'exit_band': 50.0}"
vol_regime_momentum,volatility,NULL3,1h,False,-1.4882642108686337,-0.3279632331062692,-0.39288236439401025,0.8319171837076439,0.474025974025974,154,-0.619921753627352,0.4866666666666667,0.12535450757570124,-0.40284173633490866,0.75,-0.651896681619858,0.88,-1.0,-2.271805242731774,-0.2204492885889593,0.029057425453658435,19.91,OOS return -32.8% ≤ 0; OOS Sharpe -1.49 < 1.0; OOS PF 0.83 < 1.15; OOS maxDD 39.3% > 25%; OOS/IS Sharpe -11.87 < 0.4 (overfit); MC p05 drawdown 65.2% > 35%; param retention -1.00 < 0.3 (performance is a parameter spike); deflated P(SR>0) 0.03 < 0.8 (not distinguishable from luck over 962 trials); +1-bar-lag Sharpe -2.27 — edge dies with delay,"{'lookback': 168, 'vol_window': 20, 'ref_window': 200, 'trade_in': 'low'}"
atr_breakout,volatility,NULL3,1h,False,-1.0766319183640891,-0.352992647682715,-0.5577772309657822,0.7796898022738223,0.3559322033898305,59,-0.6534616964677655,0.6086111111111111,1.7384827918683605,-0.09176840196730236,0.5,-0.7437331980259533,0.84,0.5791867296117662,-1.5042976456491883,-0.3382945299715504,0.018433724547582894,19.81,OOS return -35.3% ≤ 0; OOS Sharpe -1.08 < 1.0; OOS PF 0.78 < 1.15; OOS maxDD 55.8% > 25%; OOS/IS Sharpe -0.62 < 0.4 (overfit); MC p05 drawdown 74.4% > 35%; deflated P(SR>0) 0.02 < 0.8 (not distinguishable from luck over 962 trials); +1-bar-lag Sharpe -1.50 — edge dies with delay,"{'atr_period': 14, 'mult': 1.0, 'hold': 48}"
regime_gated_reversion,regime,NULL2,1h,False,-0.8262096282583227,-0.10448198906649364,-0.18297674795831886,0.8180266108806775,0.5,34,-0.23555111043736587,0.09361111111111112,-1.603866337147223,-0.567388054927227,0.5,-0.36770776181700265,0.74,0.0,-1.0290348171941481,-0.17688406456354966,0.10755657357473491,19.43,OOS return -10.4% ≤ 0; OOS Sharpe -0.83 < 1.0; OOS PF 0.82 < 1.15; MC p05 drawdown 36.8% > 35%; param retention 0.00 < 0.3 (performance is a parameter spike); deflated P(SR>0) 0.11 < 0.8 (not distinguishable from luck over 962 trials); +1-bar-lag Sharpe -1.03 — edge dies with delay,"{'window': 50, 'entry_z': 2.0, 'adx_th': 20.0}"
vol_exhaustion,mean_reversion,NULL4,1h,False,-0.9589612856954345,-0.1187311985212185,-0.13011718901990832,0.5779901231388815,0.2857142857142857,7,-0.2648206223161246,0.058055555555555555,0.12973292397667494,-0.872263815095383,0.25,-0.3751361182445783,0.8075,-0.5350605398364907,0.19130897563669938,-0.11381621811040488,0.006582093021623231,18.77,OOS return -11.9% ≤ 0; OOS Sharpe -0.96 < 1.0; OOS PF 0.58 < 1.15; 7 OOS trades < 25; OOS/IS Sharpe -7.39 < 0.4 (overfit); only 25% WF windows positive; MC p05 drawdown 37.5% > 35%; param retention -0.54 < 0.3 (performance is a parameter spike); deflated P(SR>0) 0.01 < 0.8 (not distinguishable from luck over 962 trials),"{'move_window': 12, 'move_z': 2.0, 'rv_ratio': 1.5, 'hold': 24}"
break_of_structure,structure,NULL3,1h,False,-0.10686400985462964,-0.18804721312042694,-0.5083910449226157,0.8917325371719724,0.43478260869565216,46,-0.39772192168995535,0.9936111111111111,-0.11957033723645516,0.6758927869583986,0.75,-0.7676738307379923,0.68,0.0,-0.2598453523586754,-0.33524452686723805,0.051527851208381804,18.41,OOS return -18.8% ≤ 0; OOS Sharpe -0.11 < 1.0; OOS PF 0.89 < 1.15; OOS maxDD 50.8% > 25%; MC p05 drawdown 76.8% > 35%; param retention 0.00 < 0.3 (performance is a parameter spike); deflated P(SR>0) 0.05 < 0.8 (not distinguishable from luck over 962 trials); +1-bar-lag Sharpe -0.26 — edge dies with delay,"{'confirm': 8, 'hold': 96}"
break_of_structure,structure,NULL2,1h,False,0.30672475118552855,-0.0567111690785953,-0.5667164256763437,1.084152884928365,0.3695652173913043,46,-0.13246912269719624,0.9691666666666666,1.7321445751259494,0.17412246271767745,0.5,-0.7350548111789383,0.485,0.2933545803821839,-0.32566800969107795,-0.4979486298765752,0.1664280644728356,18.31,OOS return -5.7% ≤ 0; OOS Sharpe 0.31 < 1.0; OOS PF 1.08 < 1.15; OOS maxDD 56.7% > 25%; OOS/IS Sharpe 0.18 < 0.4 (overfit); MC p05 drawdown 73.5% > 35%; param retention 0.29 < 0.3 (performance is a parameter spike); deflated P(SR>0) 0.17 < 0.8 (not distinguishable from luck over 962 trials); +1-bar-lag Sharpe -0.33 — edge dies with delay; worst regime DD 49.8% > 35%,"{'confirm': 8, 'hold': 96}"
trend_pullback,hybrid,NULL3,1h,False,-2.1593071096715097,-0.6228712434214956,-0.681798844371986,0.23776976426882945,0.16666666666666666,24,-0.9068523708925943,1.0,0.7340992410022087,-1.482985607491098,0.25,-0.8572877888493518,0.955,0.8588067339638767,-2.12563846222418,-0.3583905851092075,0.043694823118470796,18.23,OOS return -62.3% ≤ 0; OOS Sharpe -2.16 < 1.0; OOS PF 0.24 < 1.15; OOS maxDD 68.2% > 25%; 24 OOS trades < 25; OOS/IS Sharpe -2.94 < 0.4 (overfit); only 25% WF windows positive; MC p05 drawdown 85.7% > 35%; deflated P(SR>0) 0.04 < 0.8 (not distinguishable from luck over 962 trials); +1-bar-lag Sharpe -2.13 — edge dies with delay; worst regime DD 35.8% > 35%,"{'fast': 50, 'slow': 200, 'bb_window': 20, 'n_std': 1.0, 'hold': 96}"
sma_cross,trend,NULL3,1h,False,-0.3015875653647524,-0.24597867159846776,-0.38909406684697334,0.9055762536392638,0.417910447761194,67,-0.4970201367329723,1.0,0.7528084414661242,-0.2423753026387586,0.25,-0.8129871595064001,0.685,0.20101128108438304,0.10077472222414312,-0.380645878947635,0.10014033336192973,15.82,OOS return -24.6% ≤ 0; OOS Sharpe -0.30 < 1.0; OOS PF 0.91 < 1.15; OOS maxDD 38.9% > 25%; OOS/IS Sharpe -0.40 < 0.4 (overfit); only 25% WF windows positive; MC p05 drawdown 81.3% > 35%; param retention 0.20 < 0.3 (performance is a parameter spike); deflated P(SR>0) 0.10 < 0.8 (not distinguishable from luck over 962 trials); worst regime DD 38.1% > 35%,"{'fast': 40, 'slow': 60, 'allow_short': True}"
volume_momentum,momentum,NULL4,1h,False,-0.4190800052388417,-0.18858195057083404,-0.4343776693520863,1.0704278572368406,0.47639484978540775,466,-0.3986869144039389,0.49277777777777776,-0.31472305007092516,-0.33392087549184657,0.5,-0.650380424201817,0.665,0.0,-1.520680267714239,-0.35011715717034386,0.18875111492937974,15.58,OOS return -18.9% ≤ 0; OOS Sharpe -0.42 < 1.0; OOS PF 1.07 < 1.15; OOS maxDD 43.4% > 25%; MC p05 drawdown 65.0% > 35%; param retention 0.00 < 0.3 (performance is a parameter spike); deflated P(SR>0) 0.19 < 0.8 (not distinguishable from luck over 962 trials); +1-bar-lag Sharpe -1.52 — edge dies with delay; worst regime DD 35.0% > 35%,"{'lookback': 168, 'vol_fast': 10, 'vol_slow': 50}"
volume_momentum,momentum,NULL2,1h,False,-0.6083280850396106,-0.22857164806236774,-0.3912137001228614,1.053270548040909,0.49195402298850577,435,-0.4682880554892044,0.4911111111111111,-0.49820939268217185,-0.21294708029395937,0.25,-0.6661154372697696,0.7,0.0,1.4898176274929575,-0.25088020369731867,0.08106052448112816,15.47,OOS return -22.9% ≤ 0; OOS Sharpe -0.61 < 1.0; OOS PF 1.05 < 1.15; OOS maxDD 39.1% > 25%; only 25% WF windows positive; MC p05 drawdown 66.6% > 35%; param retention 0.00 < 0.3 (performance is a parameter spike); deflated P(SR>0) 0.08 < 0.8 (not distinguishable from luck over 962 trials),"{'lookback': 168, 'vol_fast': 10, 'vol_slow': 50}"
regime_gated_reversion,regime,NULL1,1h,False,-0.8751114773418216,-0.07758199867899118,-0.15876346586974743,0.8276892948813137,0.5357142857142857,28,-0.17845026419649357,0.04861111111111111,0.381926816409444,-1.1076914966715201,0.25,-0.32514719307489354,0.705,-1.0,-2.344735391443698,-0.09035303097116787,0.010787676541995809,15.21,OOS return -7.8% ≤ 0; OOS Sharpe -0.88 < 1.0; OOS PF 0.83 < 1.15; OOS/IS Sharpe -2.29 < 0.4 (overfit); only 25% WF windows positive; param retention -1.00 < 0.3 (performance is a parameter spike); deflated P(SR>0) 0.01 < 0.8 (not distinguishable from luck over 962 trials); +1-bar-lag Sharpe -2.34 — edge dies with delay,"{'window': 50, 'entry_z': 2.5, 'adx_th': 20.0}"
regime_gated_trend,regime,NULL1,1h,False,-1.902658261097481,-0.4314651162738795,-0.5371028775486966,0.7186064480017874,0.2916666666666667,120,-0.7470256400204597,0.4922222222222222,-0.3983052223346081,0.4463741515970891,0.75,-0.7626410230191571,0.9225,0.0,-1.859859633283769,-0.5095683938044683,0.011827206163812944,15.18,OOS return -43.1% ≤ 0; OOS Sharpe -1.90 < 1.0; OOS PF 0.72 < 1.15; OOS maxDD 53.7% > 25%; MC p05 drawdown 76.3% > 35%; param retention 0.00 < 0.3 (performance is a parameter spike); deflated P(SR>0) 0.01 < 0.8 (not distinguishable from luck over 962 trials); +1-bar-lag Sharpe -1.86 — edge dies with delay; worst regime DD 51.0% > 35%,"{'lookback': 72, 'adx_th': 25.0}"
xsec_momentum,momentum,NULL1+NULL2+NULL3+NULL4,1h,False,-1.8105291137012252,-0.32031981233576223,-0.4195378450327234,0.8203824613146258,0.31521739130434784,184,-0.6093140096700378,1.0,0.7448149610738021,-1.1399986782151452,0.25,-0.6049015396359245,0.8675,0.4461360009394828,-2.082346980972249,-0.2162611545894666,0.015215864245079517,15.12,OOS return -32.0% ≤ 0; OOS Sharpe -1.81 < 1.0; OOS PF 0.82 < 1.15; OOS maxDD 42.0% > 25%; OOS/IS Sharpe -2.43 < 0.4 (overfit); only 25% WF windows positive; MC p05 drawdown 60.5% > 35%; deflated P(SR>0) 0.02 < 0.8 (not distinguishable from luck over 962 trials); +1-bar-lag Sharpe -2.08 — edge dies with delay,"{'lookback': 72, 'rebalance': 24, 'top_k': 2}"
relative_strength,momentum,NULL3,1h,False,-2.0206711689395402,-0.39907653691607703,-0.4210255893709355,0.6532067602977639,0.2736842105263158,95,-0.7105032121502866,0.37527777777777777,0.13998183018054344,-0.11024863539962695,0.5,-0.6967626907709855,0.9025,-0.7063676396339758,-1.4092756073732917,-0.21844491699731772,0.018434155966894013,14.78,OOS return -39.9% ≤ 0; OOS Sharpe -2.02 < 1.0; OOS PF 0.65 < 1.15; OOS maxDD 42.1% > 25%; OOS/IS Sharpe -14.44 < 0.4 (overfit); MC p05 drawdown 69.7% > 35%; param retention -0.71 < 0.3 (performance is a parameter spike); deflated P(SR>0) 0.02 < 0.8 (not distinguishable from luck over 962 trials); +1-bar-lag Sharpe -1.41 — edge dies with delay,"{'lookback': 336, 'rank_window': 500, 'upper_q': 0.9, 'lower_q': 0.15}"
ensemble_vote,hybrid,NULL3,1h,False,-2.2360547324611564,-0.457272734542549,-0.49899277216069504,0.5159647465106448,0.2328767123287671,73,-0.7740724437929156,0.7261111111111112,-0.32612479191235966,-0.686538974646922,0.5,-0.7073579227888461,0.95,0.0,-2.241012091357736,-0.24079918405251777,0.03483700386931075,14.67,OOS return -45.7% ≤ 0; OOS Sharpe -2.24 < 1.0; OOS PF 0.52 < 1.15; OOS maxDD 49.9% > 25%; MC p05 drawdown 70.7% > 35%; param retention 0.00 < 0.3 (performance is a parameter spike); deflated P(SR>0) 0.03 < 0.8 (not distinguishable from luck over 962 trials); +1-bar-lag Sharpe -2.24 — edge dies with delay,{'min_agree': 0.5}
breakout_volume,trend,NULL3,1h,False,-0.7904593218471642,-0.1571155575135038,-0.29002697998575044,0.6865994851274234,0.47058823529411764,17,-0.34034219845335345,0.16777777777777778,0.7393628914748545,0.10045519245990311,0.5,-0.49002841213846315,0.7975,-0.9950843209627338,-1.0382032651125042,-0.2553260085291481,0.02539427909479324,14.5,OOS return -15.7% ≤ 0; OOS Sharpe -0.79 < 1.0; OOS PF 0.69 < 1.15; OOS maxDD 29.0% > 25%; 17 OOS trades < 25; OOS/IS Sharpe -1.07 < 0.4 (overfit); MC p05 drawdown 49.0% > 35%; param retention -1.00 < 0.3 (performance is a parameter spike); deflated P(SR>0) 0.03 < 0.8 (not distinguishable from luck over 962 trials); +1-bar-lag Sharpe -1.04 — edge dies with delay,"{'window': 80, 'vol_z': 1.0, 'hold': 30}"
ema_cross,trend,NULL3,1h,False,-1.3083601677305827,-0.4819939735258697,-0.5102681995977707,0.44358555229106883,0.2857142857142857,21,-0.798308203387877,1.0,0.9896061323966131,-2.5773884031065775,0.0,-0.8205772494666494,0.8825,0.7877128377906042,-1.2330140807336245,-0.3314854622393618,0.07303121684029303,13.24,OOS return -48.2% ≤ 0; OOS Sharpe -1.31 < 1.0; OOS PF 0.44 < 1.15; OOS maxDD 51.0% > 25%; 21 OOS trades < 25; OOS/IS Sharpe -1.32 < 0.4 (overfit); only 0% WF windows positive; MC p05 drawdown 82.1% > 35%; deflated P(SR>0) 0.07 < 0.8 (not distinguishable from luck over 962 trials); +1-bar-lag Sharpe -1.23 — edge dies with delay,"{'fast': 80, 'slow': 120, 'allow_short': True}"
orderflow_proxy,structure,NULL3,1h,False,-0.4861130301796758,-0.22744269294820496,-0.4381300715281866,0.9442525023304362,0.39080459770114945,87,-0.46639206863737814,0.6161111111111112,0.47214220854096195,-0.6756263038408852,0.25,-0.7049809452642224,0.715,-1.0,0.1048272607626628,-0.3836736802491837,0.05710502989962874,12.72,OOS return -22.7% ≤ 0; OOS Sharpe -0.49 < 1.0; OOS PF 0.94 < 1.15; OOS maxDD 43.8% > 25%; OOS/IS Sharpe -1.03 < 0.4 (overfit); only 25% WF windows positive; MC p05 drawdown 70.5% > 35%; param retention -1.00 < 0.3 (performance is a parameter spike); deflated P(SR>0) 0.06 < 0.8 (not distinguishable from luck over 962 trials); worst regime DD 38.4% > 35%,"{'window': 40, 'entry_z': 1.0, 'exit_z': 0.25}"
weighted_composite,hybrid,NULL3,1h,False,-1.961094650669443,-0.5423851252162153,-0.6221836020669704,0.5002950227995866,0.1864406779661017,59,-0.8508394019808513,0.9219444444444445,0.3983487589078816,-1.0819488910383672,0.5,-0.8153208022294103,0.96,-1.0,-2.253176277797292,-0.33788854558065917,0.004535567857075385,12.66,OOS return -54.2% ≤ 0; OOS Sharpe -1.96 < 1.0; OOS PF 0.50 < 1.15; OOS maxDD 62.2% > 25%; OOS/IS Sharpe -4.92 < 0.4 (overfit); MC p05 drawdown 81.5% > 35%; param retention -1.00 < 0.3 (performance is a parameter spike); deflated P(SR>0) 0.00 < 0.8 (not distinguishable from luck over 962 trials); +1-bar-lag Sharpe -2.25 — edge dies with delay,"{'w_trend': 0.4, 'w_mom': 0.4, 'w_rev': 0.0}"
regime_gated_trend,regime,NULL3,1h,False,-1.2771851526726405,-0.43072428289623754,-0.5871025167632368,0.791906871310125,0.3275862068965517,174,-0.7462225433289744,0.8886111111111111,0.500503096897041,0.1415373813939582,0.5,-0.7679945417319349,0.895,-0.3306639441680258,-2.251842756125498,-0.40040703975830094,0.06761249269925301,12.61,OOS return -43.1% ≤ 0; OOS Sharpe -1.28 < 1.0; OOS PF 0.79 < 1.15; OOS maxDD 58.7% > 25%; OOS/IS Sharpe -2.55 < 0.4 (overfit); MC p05 drawdown 76.8% > 35%; param retention -0.33 < 0.3 (performance is a parameter spike); deflated P(SR>0) 0.07 < 0.8 (not distinguishable from luck over 962 trials); +1-bar-lag Sharpe -2.25 — edge dies with delay; worst regime DD 40.0% > 35%,"{'lookback': 168, 'adx_th': 15.0}"
trend_acceleration,trend,NULL2,1h,False,-0.9716996117995145,-0.1662395564344149,-0.23227455469148683,0.9290916688339413,0.3984375,128,-0.3575878498320405,0.15194444444444444,-0.23850714938278478,-1.718419210672941,0.25,-0.4606404651448968,0.7825,0.0,-1.4314693591989265,-0.1726751713100778,0.08715914477094722,12.33,OOS return -16.6% ≤ 0; OOS Sharpe -0.97 < 1.0; OOS PF 0.93 < 1.15; only 25% WF windows positive; MC p05 drawdown 46.1% > 35%; param retention 0.00 < 0.3 (performance is a parameter spike); deflated P(SR>0) 0.09 < 0.8 (not distinguishable from luck over 962 trials); +1-bar-lag Sharpe -1.43 — edge dies with delay,"{'span': 50, 'accel_window': 10, 'er_window': 20, 'er_min': 0.4}"
tsmom,momentum,NULL3,1h,False,-2.201627266428553,-0.6033153756166036,-0.7208211164599634,0.5201125260041444,0.24812030075187969,133,-0.8946554115605909,1.0,1.9543658425532808,-1.2697923812168392,0.5,-0.8394437724635216,0.9475,0.011793076686094034,-1.7928501365465872,-0.37437565193801947,0.0004784891290268757,12.16,OOS return -60.3% ≤ 0; OOS Sharpe -2.20 < 1.0; OOS PF 0.52 < 1.15; OOS maxDD 72.1% > 25%; OOS/IS Sharpe -1.13 < 0.4 (overfit); MC p05 drawdown 83.9% > 35%; param retention 0.01 < 0.3 (performance is a parameter spike); deflated P(SR>0) 0.00 < 0.8 (not distinguishable from luck over 962 trials); +1-bar-lag Sharpe -1.79 — edge dies with delay; worst regime DD 37.4% > 35%,"{'lookback': 720, 'vol_scale': True, 'vol_window': 50, 'target_vol': 0.01}"
atr_breakout,volatility,NULL1,1h,False,-2.968503932244155,-0.10510410596685227,-0.12486331647427074,0.0,0.0,2,-0.23684307925670423,0.007222222222222222,0.537425513978587,-3.1190597132435047,0.0,-0.24069927994823523,0.9225,-1.0,-2.229588867917012,-0.06545936762699134,2.621106603601713e-05,12.14,OOS return -10.5% ≤ 0; OOS Sharpe -2.97 < 1.0; OOS PF 0.00 < 1.15; 2 OOS trades < 25; OOS/IS Sharpe -5.52 < 0.4 (overfit); only 0% WF windows positive; param retention -1.00 < 0.3 (performance is a parameter spike); deflated P(SR>0) 0.00 < 0.8 (not distinguishable from luck over 962 trials); +1-bar-lag Sharpe -2.23 — edge dies with delay,"{'atr_period': 14, 'mult': 1.5, 'hold': 12}"
relative_strength,momentum,NULL2,1h,False,-1.9685613232227568,-0.4095315011568196,-0.418619471074401,0.7686468501648639,0.3225806451612903,155,-0.7226100724686899,0.39194444444444443,0.866896132567749,-1.7814518218884952,0.0,-0.7065151545530148,0.8925,0.609446388151932,-0.6660601828524995,-0.2787357136216756,0.011358000806347107,11.02,OOS return -41.0% ≤ 0; OOS Sharpe -1.97 < 1.0; OOS PF 0.77 < 1.15; OOS maxDD 41.9% > 25%; OOS/IS Sharpe -2.27 < 0.4 (overfit); only 0% WF windows positive; MC p05 drawdown 70.7% > 35%; deflated P(SR>0) 0.01 < 0.8 (not distinguishable from luck over 962 trials); +1-bar-lag Sharpe -0.67 — edge dies with delay,"{'lookback': 72, 'rank_window': 500, 'upper_q': 0.8, 'lower_q': 0.15}"
coint_pair,stat_arb,NULL1+NULL4,1h,False,-2.4714249471336056,-0.34946363540752057,-0.36073047766657396,0.730101543306703,0.45454545454545453,176,-0.6488430585210041,0.5275,0.5299077261440988,-1.7886683879789504,0.25,-0.6297554154872418,0.925,-0.10812079933100105,-2.2226701764506562,-0.1883276468749978,0.0023374906215018498,10.02,OOS return -34.9% ≤ 0; OOS Sharpe -2.47 < 1.0; OOS PF 0.73 < 1.15; OOS maxDD 36.1% > 25%; OOS/IS Sharpe -4.66 < 0.4 (overfit); only 25% WF windows positive; MC p05 drawdown 63.0% > 35%; param retention -0.11 < 0.3 (performance is a parameter spike); deflated P(SR>0) 0.00 < 0.8 (not distinguishable from luck over 962 trials); +1-bar-lag Sharpe -2.22 — edge dies with delay,"{'window': 500, 'refit_every': 100, 'z_window': 50, 'entry_z': 2.5, 'exit_z': 0.5, 'stop_z': 4.0}"
regime_gated_reversion,regime,NULL4,1h,False,-3.5898215543948915,-0.3509251499810955,-0.3681645890247299,0.4469638129750528,0.45454545454545453,55,-0.6507602044518128,0.07972222222222222,-1.4510745534419456,-1.340032967588423,0.25,-0.5328505687501915,1.0,0.0,-1.9015575236810531,-0.1978651627460002,0.0016674074320371297,9.86,OOS return -35.1% ≤ 0; OOS Sharpe -3.59 < 1.0; OOS PF 0.45 < 1.15; OOS maxDD 36.8% > 25%; only 25% WF windows positive; MC p05 drawdown 53.3% > 35%; param retention 0.00 < 0.3 (performance is a parameter spike); deflated P(SR>0) 0.00 < 0.8 (not distinguishable from luck over 962 trials); +1-bar-lag Sharpe -1.90 — edge dies with delay,"{'window': 30, 'entry_z': 2.0, 'adx_th': 20.0}"
corr_breakdown,stat_arb,NULL1+NULL4,1h,False,-2.1739717156862155,-0.28391499473354154,-0.3598791256659609,0.6569808745471204,0.5961538461538461,52,-0.5564093158564736,0.29055555555555557,1.194231208276597,-1.5293838372646873,0.25,-0.5605123276636588,0.9275,-0.16229880986496975,-2.576237921628706,-0.21869868313034357,0.0018913142613064412,9.53,OOS return -28.4% ≤ 0; OOS Sharpe -2.17 < 1.0; OOS PF 0.66 < 1.15; OOS maxDD 36.0% > 25%; OOS/IS Sharpe -1.82 < 0.4 (overfit); only 25% WF windows positive; MC p05 drawdown 56.1% > 35%; param retention -0.16 < 0.3 (performance is a parameter spike); deflated P(SR>0) 0.00 < 0.8 (not distinguishable from luck over 962 trials); +1-bar-lag Sharpe -2.58 — edge dies with delay,"{'corr_window': 100, 'ref_window': 500, 'corr_q': 0.05, 'lookback': 48, 'hold': 48}"
bollinger_reversion,mean_reversion,NULL4,1h,False,-0.26235754522133325,-0.2438464977471142,-0.5217133040211385,0.969541284127809,0.6677115987460815,319,-0.49355123625196284,1.0,-2.268112981856175,-0.9512752835086847,0.25,-0.8089134348687741,0.7425,0.0,-0.16715859270703903,-0.4217196920349371,0.20397827131943574,9.31,OOS return -24.4% ≤ 0; OOS Sharpe -0.26 < 1.0; OOS PF 0.97 < 1.15; OOS maxDD 52.2% > 25%; only 25% WF windows positive; MC p05 drawdown 80.9% > 35%; param retention 0.00 < 0.3 (performance is a parameter spike); deflated P(SR>0) 0.20 < 0.8 (not distinguishable from luck over 962 trials); +1-bar-lag Sharpe -0.17 — edge dies with delay; worst regime DD 42.2% > 35%,"{'window': 20, 'n_std': 2.0}"
vol_expansion,volatility,NULL3,1h,False,-3.364916626698263,-0.2733157771167378,-0.3057281955886554,0.39901871869350714,0.3181818181818182,44,-0.5402579795939326,0.03,-0.08724921427272406,-2.755639989926456,0.0,-0.510600205997145,0.9775,0.0,0.7409286975506676,-0.23720001342434904,0.00026876471642153945,9.21,OOS return -27.3% ≤ 0; OOS Sharpe -3.36 < 1.0; OOS PF 0.40 < 1.15; OOS maxDD 30.6% > 25%; only 0% WF windows positive; MC p05 drawdown 51.1% > 35%; param retention 0.00 < 0.3 (performance is a parameter spike); deflated P(SR>0) 0.00 < 0.8 (not distinguishable from luck over 962 trials),"{'fast': 10, 'slow': 100, 'ratio': 1.5, 'dir_lookback': 12}"
zscore_reversion,mean_reversion,NULL4,1h,False,-1.8134917666303778,-0.4541057963476324,-0.5880933970174671,0.62259243559656,0.575,40,-0.7708501570335846,0.5388888888888889,-1.5133976594277134,-1.651340019547035,0.25,-0.8020846883233781,0.94,0.0,-1.5924179971660468,-0.2998963299049143,0.03206900715403669,8.68,OOS return -45.4% ≤ 0; OOS Sharpe -1.81 < 1.0; OOS PF 0.62 < 1.15; OOS maxDD 58.8% > 25%; only 25% WF windows positive; MC p05 drawdown 80.2% > 35%; param retention 0.00 < 0.3 (performance is a parameter spike); deflated P(SR>0) 0.03 < 0.8 (not distinguishable from luck over 962 trials); +1-bar-lag Sharpe -1.59 — edge dies with delay,"{'window': 100, 'entry_z': 2.0, 'exit_z': 0.5}"
squeeze_breakout,volatility,NULL3,1h,False,-1.2236574055055014,-0.306390780602641,-0.3956969806508819,0.6694867347769885,0.3448275862068966,29,-0.5895388465683122,0.4361111111111111,0.03657383625736396,0.7475938067008107,0.25,-0.6768989562897503,0.845,-1.0,-1.4825621924990315,-0.2908392327080809,0.01705727427195926,8.6,OOS return -30.6% ≤ 0; OOS Sharpe -1.22 < 1.0; OOS PF 0.67 < 1.15; OOS maxDD 39.6% > 25%; OOS/IS Sharpe -33.46 < 0.4 (overfit); only 25% WF windows positive; MC p05 drawdown 67.7% > 35%; param retention -1.00 < 0.3 (performance is a parameter spike); deflated P(SR>0) 0.02 < 0.8 (not distinguishable from luck over 962 trials); +1-bar-lag Sharpe -1.48 — edge dies with delay,"{'bb_window': 20, 'squeeze_q': 0.25, 'rank_window': 200, 'channel': 40, 'hold': 48}"
liquidity_sweep,structure,NULL4,1h,False,-0.3425664774848242,-0.26197668534919427,-0.6463491880896095,0.9546227193854422,0.5875,80,-0.5226011895895846,0.9577777777777777,-1.935101361687319,-1.0930348530907577,0.25,-0.822123496601473,0.7575,0.0,-0.14044380001225512,-0.4174671867054097,0.15154851884858056,8.59,OOS return -26.2% ≤ 0; OOS Sharpe -0.34 < 1.0; OOS PF 0.95 < 1.15; OOS maxDD 64.6% > 25%; only 25% WF windows positive; MC p05 drawdown 82.2% > 35%; param retention 0.00 < 0.3 (performance is a parameter spike); deflated P(SR>0) 0.15 < 0.8 (not distinguishable from luck over 962 trials); +1-bar-lag Sharpe -0.14 — edge dies with delay; worst regime DD 41.7% > 35%,"{'confirm': 8, 'hold': 48}"
bollinger_reversion,mean_reversion,NULL3,1h,False,-0.7658794370783316,-0.36556735957663167,-0.5370283508196132,0.7206646658909116,0.6,55,-0.6696270469659862,1.0,-1.605299799194837,-1.6000524830682727,0.25,-0.8147532101822832,0.7975,0.0,-1.3867013461981557,-0.357008168161253,0.060412892754178694,8.19,OOS return -36.6% ≤ 0; OOS Sharpe -0.77 < 1.0; OOS PF 0.72 < 1.15; OOS maxDD 53.7% > 25%; only 25% WF windows positive; MC p05 drawdown 81.5% > 35%; param retention 0.00 < 0.3 (performance is a parameter spike); deflated P(SR>0) 0.06 < 0.8 (not distinguishable from luck over 962 trials); +1-bar-lag Sharpe -1.39 — edge dies with delay; worst regime DD 35.7% > 35%,"{'window': 40, 'n_std': 3.0}"
atr_breakout,volatility,NULL2,1h,False,-2.3009989646306,-0.507959231095952,-0.5897549385316685,0.6502455982046701,0.4142857142857143,70,-0.8220378107488611,0.38916666666666666,-0.5823374674533386,-1.4323625367373582,0.25,-0.7702079590214079,0.97,0.0,-2.3029875882195294,-0.33685741656060486,0.010678473368837869,7.77,OOS return -50.8% ≤ 0; OOS Sharpe -2.30 < 1.0; OOS PF 0.65 < 1.15; OOS maxDD 59.0% > 25%; only 25% WF windows positive; MC p05 drawdown 77.0% > 35%; param retention 0.00 < 0.3 (performance is a parameter spike); deflated P(SR>0) 0.01 < 0.8 (not distinguishable from luck over 962 trials); +1-bar-lag Sharpe -2.30 — edge dies with delay,"{'atr_period': 14, 'mult': 1.0, 'hold': 24}"
relative_strength,momentum,NULL4,1h,False,-1.7689641322732734,-0.38493110118405593,-0.4488805945845984,0.7542710200407615,0.2336448598130841,107,-0.6936354889810011,0.3869444444444444,0.8701384054449339,-0.18669548381694495,0.25,-0.6932125449320938,0.8825,-0.08130478979485664,-2.309221709791853,-0.3756315663231896,0.024569359248198183,7.36,OOS return -38.5% ≤ 0; OOS Sharpe -1.77 < 1.0; OOS PF 0.75 < 1.15; OOS maxDD 44.9% > 25%; OOS/IS Sharpe -2.03 < 0.4 (overfit); only 25% WF windows positive; MC p05 drawdown 69.3% > 35%; param retention -0.08 < 0.3 (performance is a parameter spike); deflated P(SR>0) 0.02 < 0.8 (not distinguishable from luck over 962 trials); +1-bar-lag Sharpe -2.31 — edge dies with delay; worst regime DD 37.6% > 35%,"{'lookback': 168, 'rank_window': 500, 'upper_q': 0.9, 'lower_q': 0.15}"
relative_value,stat_arb,NULL1+NULL4,1h,False,-3.6239866197427424,-0.5132715684591727,-0.6496663182664023,0.19846534417573045,0.4166666666666667,12,-0.8266783113241066,0.4955555555555556,0.23744196990018926,-3.8301593062796337,0.25,-0.7377123442738587,0.9975,-1.0,-3.546542176565466,-0.3580736020042672,0.00017961839850613414,7.27,OOS return -51.3% ≤ 0; OOS Sharpe -3.62 < 1.0; OOS PF 0.20 < 1.15; OOS maxDD 65.0% > 25%; 12 OOS trades < 25; OOS/IS Sharpe -15.26 < 0.4 (overfit); only 25% WF windows positive; MC p05 drawdown 73.8% > 35%; param retention -1.00 < 0.3 (performance is a parameter spike); deflated P(SR>0) 0.00 < 0.8 (not distinguishable from luck over 962 trials); +1-bar-lag Sharpe -3.55 — edge dies with delay; worst regime DD 35.8% > 35%,"{'z_window': 400, 'entry_z': 2.5, 'exit_z': 0.5}"
trend_acceleration,trend,NULL3,1h,False,-2.303717045841511,-0.43997643892688354,-0.5274057926603511,0.7411167059507059,0.33516483516483514,182,-0.7561449506530931,0.3383333333333333,-1.308957014979288,-1.4459412840672807,0.25,-0.6913560482543203,0.9575,0.0,-3.278296727916799,-0.37943941166385076,0.01293343833231864,7.12,OOS return -44.0% ≤ 0; OOS Sharpe -2.30 < 1.0; OOS PF 0.74 < 1.15; OOS maxDD 52.7% > 25%; only 25% WF windows positive; MC p05 drawdown 69.1% > 35%; param retention 0.00 < 0.3 (performance is a parameter spike); deflated P(SR>0) 0.01 < 0.8 (not distinguishable from luck over 962 trials); +1-bar-lag Sharpe -3.28 — edge dies with delay; worst regime DD 37.9% > 35%,"{'span': 100, 'accel_window': 10, 'er_window': 20, 'er_min': 0.2}"
regime_switch,regime,NULL3,1h,False,-1.7864016958219415,-0.4978201431605548,-0.6035615167405222,0.7923258576889476,0.3855932203389831,236,-0.812979728850341,0.7477777777777778,-0.8530575628825198,-1.0894823220801262,0.25,-0.8257730668228176,0.9075,0.0,-2.537733321577044,-0.4631286600492863,0.08667976905359559,6.89,OOS return -49.8% ≤ 0; OOS Sharpe -1.79 < 1.0; OOS PF 0.79 < 1.15; OOS maxDD 60.4% > 25%; only 25% WF windows positive; MC p05 drawdown 82.6% > 35%; param retention 0.00 < 0.3 (performance is a parameter spike); deflated P(SR>0) 0.09 < 0.8 (not distinguishable from luck over 962 trials); +1-bar-lag Sharpe -2.54 — edge dies with delay; worst regime DD 46.3% > 35%,"{'lookback': 72, 'window': 50, 'entry_z': 2.0, 'adx_th': 20.0}"
zscore_reversion,mean_reversion,NULL1,1h,False,-1.8982004406021658,-0.40880837961852445,-0.4507996000749106,0.616139349509706,0.5434782608695652,46,-0.7217824948092413,0.35333333333333333,0.7675764449619947,-2.5050671675680536,0.0,-0.7192885315799636,0.9025,0.31907213935895,-2.1711820126508217,-0.33921881984021196,0.01066914520504883,6.56,OOS return -40.9% ≤ 0; OOS Sharpe -1.90 < 1.0; OOS PF 0.62 < 1.15; OOS maxDD 45.1% > 25%; OOS/IS Sharpe -2.47 < 0.4 (overfit); only 0% WF windows positive; MC p05 drawdown 71.9% > 35%; deflated P(SR>0) 0.01 < 0.8 (not distinguishable from luck over 962 trials); +1-bar-lag Sharpe -2.17 — edge dies with delay,"{'window': 50, 'entry_z': 2.5, 'exit_z': 0.5}"
support_resistance,structure,NULL2,1h,False,-2.0144011151620393,-0.5870625075540012,-0.6692773817329405,0.7208274939943043,0.5365853658536586,123,-0.8838394132998021,0.9005555555555556,-0.9017630470534098,-0.9051018415854836,0.25,-0.8511538303528831,0.935,0.0,-1.621875334786477,-0.5259523241758174,0.02468422909096423,5.37,OOS return -58.7% ≤ 0; OOS Sharpe -2.01 < 1.0; OOS PF 0.72 < 1.15; OOS maxDD 66.9% > 25%; only 25% WF windows positive; MC p05 drawdown 85.1% > 35%; param retention 0.00 < 0.3 (performance is a parameter spike); deflated P(SR>0) 0.02 < 0.8 (not distinguishable from luck over 962 trials); +1-bar-lag Sharpe -1.62 — edge dies with delay; worst regime DD 52.6% > 35%,"{'confirm': 5, 'tolerance': 0.003, 'hold': 24}"
liquidity_sweep,structure,NULL2,1h,False,-1.0719790588991711,-0.44130640558947354,-0.5657396366102092,0.8522270763090822,0.6032608695652174,184,-0.7575521271996131,0.985,0.14269782446437607,0.5490621549599808,0.25,-0.8191144623336108,0.8775,-1.0,-0.4375682239968887,-0.48865875458577157,0.005698984386796632,5.27,OOS return -44.1% ≤ 0; OOS Sharpe -1.07 < 1.0; OOS PF 0.85 < 1.15; OOS maxDD 56.6% > 25%; OOS/IS Sharpe -7.51 < 0.4 (overfit); only 25% WF windows positive; MC p05 drawdown 81.9% > 35%; param retention -1.00 < 0.3 (performance is a parameter spike); deflated P(SR>0) 0.01 < 0.8 (not distinguishable from luck over 962 trials); +1-bar-lag Sharpe -0.44 — edge dies with delay; worst regime DD 48.9% > 35%,"{'confirm': 3, 'hold': 24}"
bollinger_reversion,mean_reversion,NULL1,1h,False,-3.6220436751016605,-0.788157194421129,-0.8435363089475909,0.4319437170251819,0.5846153846153846,65,-0.9771171019357172,1.0,-0.09345356864219849,-2.231925611084968,0.25,-0.9315261100075308,1.0,0.0,-3.860742202574047,-0.6228387381225994,0.003996268722089006,5.06,OOS return -78.8% ≤ 0; OOS Sharpe -3.62 < 1.0; OOS PF 0.43 < 1.15; OOS maxDD 84.4% > 25%; only 25% WF windows positive; MC p05 drawdown 93.2% > 35%; param retention 0.00 < 0.3 (performance is a parameter spike); deflated P(SR>0) 0.00 < 0.8 (not distinguishable from luck over 962 trials); +1-bar-lag Sharpe -3.86 — edge dies with delay; worst regime DD 62.3% > 35%,"{'window': 20, 'n_std': 3.0}"
trend_acceleration,trend,NULL4,1h,False,-1.054482502250696,-0.2693317864691609,-0.4188700773092703,0.9301279620618781,0.35148514851485146,202,-0.5340989226698867,0.38472222222222224,0.12253327584823427,-1.0293643787261755,0.0,-0.628339005544005,0.7825,-1.0,-1.6816071371235546,-0.2924116191663497,0.054069089468279874,4.13,OOS return -26.9% ≤ 0; OOS Sharpe -1.05 < 1.0; OOS PF 0.93 < 1.15; OOS maxDD 41.9% > 25%; OOS/IS Sharpe -8.61 < 0.4 (overfit); only 0% WF windows positive; MC p05 drawdown 62.8% > 35%; param retention -1.00 < 0.3 (performance is a parameter spike); deflated P(SR>0) 0.05 < 0.8 (not distinguishable from luck over 962 trials); +1-bar-lag Sharpe -1.68 — edge dies with delay,"{'span': 100, 'accel_window': 10, 'er_window': 20, 'er_min': 0.2}"
zscore_reversion,mean_reversion,NULL2,1h,False,-1.3711452202976147,-0.33444218868369147,-0.4525456712051955,0.5556462379842426,0.5555555555555556,27,-0.6287790053415426,0.37583333333333335,-1.182517035968504,-1.710980487761994,0.0,-0.6892653238182317,0.9175,0.0,-1.4553406710591432,-0.28751152889170994,0.043953134106771305,4.06,OOS return -33.4% ≤ 0; OOS Sharpe -1.37 < 1.0; OOS PF 0.56 < 1.15; OOS maxDD 45.3% > 25%; only 0% WF windows positive; MC p05 drawdown 68.9% > 35%; param retention 0.00 < 0.3 (performance is a parameter spike); deflated P(SR>0) 0.04 < 0.8 (not distinguishable from luck over 962 trials); +1-bar-lag Sharpe -1.46 — edge dies with delay,"{'window': 100, 'entry_z': 2.5, 'exit_z': 0.5}"
donchian_breakout,trend,NULL3,1h,False,-0.43764490825369506,-0.2829769593596263,-0.49028329448939567,0.8693457962448814,0.3333333333333333,51,-0.5549936293079973,1.0,-0.9830428512375837,-0.800560603614644,0.0,-0.7767412872484886,0.76,0.0,-0.9208817377570006,-0.4063068846844775,0.125425131198394,3.38,OOS return -28.3% ≤ 0; OOS Sharpe -0.44 < 1.0; OOS PF 0.87 < 1.15; OOS maxDD 49.0% > 25%; only 0% WF windows positive; MC p05 drawdown 77.7% > 35%; param retention 0.00 < 0.3 (performance is a parameter spike); deflated P(SR>0) 0.13 < 0.8 (not distinguishable from luck over 962 trials); +1-bar-lag Sharpe -0.92 — edge dies with delay; worst regime DD 40.6% > 35%,"{'entry': 20, 'exit': 20, 'allow_short': True}"
volume_momentum,momentum,NULL1,1h,False,-2.4114754469141078,-0.5268289689177656,-0.5645090732368422,0.9067894909783851,0.4340425531914894,470,-0.8381953113602196,0.495,-4.083365219225222,-2.852306791491194,0.0,-0.7947366021723367,0.945,0.0,-1.6110238030830109,-0.30647778798442726,0.009693232243583068,3.24,OOS return -52.7% ≤ 0; OOS Sharpe -2.41 < 1.0; OOS PF 0.91 < 1.15; OOS maxDD 56.5% > 25%; only 0% WF windows positive; MC p05 drawdown 79.5% > 35%; param retention 0.00 < 0.3 (performance is a parameter spike); deflated P(SR>0) 0.01 < 0.8 (not distinguishable from luck over 962 trials); +1-bar-lag Sharpe -1.61 — edge dies with delay,"{'lookback': 96, 'vol_fast': 10, 'vol_slow': 50}"
liquidity_sweep,structure,NULL3,1h,False,-0.6077430952052543,-0.31674011125770285,-0.41924787855367485,0.8307690602157536,0.6153846153846154,78,-0.6042867603724074,0.9358333333333333,0.4317741432426678,-1.6288811006752342,0.0,-0.7757010995698741,0.6975,-0.09544310746618453,-1.1492931486381974,-0.4148832235930813,0.09189902755188384,2.74,OOS return -31.7% ≤ 0; OOS Sharpe -0.61 < 1.0; OOS PF 0.83 < 1.15; OOS maxDD 41.9% > 25%; OOS/IS Sharpe -1.41 < 0.4 (overfit); only 0% WF windows positive; MC p05 drawdown 77.6% > 35%; param retention -0.10 < 0.3 (performance is a parameter spike); deflated P(SR>0) 0.09 < 0.8 (not distinguishable from luck over 962 trials); +1-bar-lag Sharpe -1.15 — edge dies with delay; worst regime DD 41.5% > 35%,"{'confirm': 8, 'hold': 48}"
volume_momentum,momentum,NULL3,1h,False,-4.305930481930894,-0.723948689735942,-0.7388393943653171,0.7592050761876323,0.4391304347826087,460,-0.9564123029793943,0.4988888888888889,-3.034945408891082,-3.2955025693197757,0.0,-0.8809820519776678,1.0,0.0,-4.3088737726329995,-0.48945769002922324,0.00010366274187129157,0.17,OOS return -72.4% ≤ 0; OOS Sharpe -4.31 < 1.0; OOS PF 0.76 < 1.15; OOS maxDD 73.9% > 25%; only 0% WF windows positive; MC p05 drawdown 88.1% > 35%; param retention 0.00 < 0.3 (performance is a parameter spike); deflated P(SR>0) 0.00 < 0.8 (not distinguishable from luck over 962 trials); +1-bar-lag Sharpe -4.31 — edge dies with delay; worst regime DD 48.9% > 35%,"{'lookback': 168, 'vol_fast': 10, 'vol_slow': 50}"
bollinger_reversion,mean_reversion,NULL2,1h,False,-2.2544291900879947,-0.6469454813140831,-0.7632417731635184,0.5992835686808644,0.44155844155844154,77,-0.9206690587518456,1.0,-0.5458561775956364,-2.9960504977469027,0.0,-0.8864413475910523,0.955,0.0,-1.4053451417712455,-0.542303408706657,0.01038653942316116,0.16,OOS return -64.7% ≤ 0; OOS Sharpe -2.25 < 1.0; OOS PF 0.60 < 1.15; OOS maxDD 76.3% > 25%; only 0% WF windows positive; MC p05 drawdown 88.6% > 35%; param retention 0.00 < 0.3 (performance is a parameter spike); deflated P(SR>0) 0.01 < 0.8 (not distinguishable from luck over 962 trials); +1-bar-lag Sharpe -1.41 — edge dies with delay; worst regime DD 54.2% > 35%,"{'window': 20, 'n_std': 3.0}"
